{
  "MapName": "Lighthouse",
  "MapImageFile": "lighthouse_loot_map.png",
  "MapRotation": -90,
  "XCoefficients": [
    1093.2324052239378,
    -2.071213108045849
  ],
  "ZCoefficients": [
    1433.9007733904355,
    -2.060136350830603
  ],
  "bounds": [ 0, 0, 2242, 3891 ],
  "initialZoom": 3
}