{
  "MapName": "Reserve",
  "MapImageFile": "reserve_map2.png",
  "MapRotation": -15,
  "XCoefficients": [
    2023.2594754169422,
    -5.109575331023586
  ],
  "ZCoefficients": [
    2077.025288738703,
    -5.105301552064156
  ],
  "bounds": [ 0, 0, 5263, 3907 ],
  "initialZoom": 3
}