{
  "MapName": "Streets Of Tarkov",
  "MapImageFile": "streets_of_tarkov_map.png",
  "MapRotation": 0,
  "XCoefficients": [
    3119.3090195858717,
    -6.148928964345941
  ],
  "ZCoefficients": [
    3788.869888092795,
    -6.143341155368058
  ],
  "bounds": [ 0, 0, 6539, 4394 ],
  "initialZoom": 3
}