{
    "MapName": "Woods",
    "MapImageFile": "woods_map.png",
    "MapRotation": 0,
    "XCoefficients": [
        3252.9906914995267,
        -4.79913682017364
    ],
    "ZCoefficients": [
        2298.038598312056,
        -4.832134384063305
    ],
    "bounds": [ 0, 0, 6994, 6843 ],
    "initialZoom": 3
}